PRAGMA foreign_keys=OFF;
BEGIN TRANSACTION;
CREATE TABLE IF NOT EXISTS "django_migrations" ("id" integer NOT NULL PRIMARY KEY AUTOINCREMENT, "app" varchar(255) NOT NULL, "name" varchar(255) NOT NULL, "applied" datetime NOT NULL);
INSERT INTO django_migrations VALUES(1,'contenttypes','0001_initial','2025-02-09 17:46:15.215311');
INSERT INTO django_migrations VALUES(2,'auth','0001_initial','2025-02-09 17:46:15.233839');
INSERT INTO django_migrations VALUES(3,'admin','0001_initial','2025-02-09 17:46:15.250932');
INSERT INTO django_migrations VALUES(4,'admin','0002_logentry_remove_auto_add','2025-02-09 17:46:15.264025');
INSERT INTO django_migrations VALUES(5,'admin','0003_logentry_add_action_flag_choices','2025-02-09 17:46:15.274075');
INSERT INTO django_migrations VALUES(6,'contenttypes','0002_remove_content_type_name','2025-02-09 17:46:15.291392');
INSERT INTO django_migrations VALUES(7,'auth','0002_alter_permission_name_max_length','2025-02-09 17:46:15.307573');
INSERT INTO django_migrations VALUES(8,'auth','0003_alter_user_email_max_length','2025-02-09 17:46:15.320736');
INSERT INTO django_migrations VALUES(9,'auth','0004_alter_user_username_opts','2025-02-09 17:46:15.330849');
INSERT INTO django_migrations VALUES(10,'auth','0005_alter_user_last_login_null','2025-02-09 17:46:15.344115');
INSERT INTO django_migrations VALUES(11,'auth','0006_require_contenttypes_0002','2025-02-09 17:46:15.351094');
INSERT INTO django_migrations VALUES(12,'auth','0007_alter_validators_add_error_messages','2025-02-09 17:46:15.361108');
INSERT INTO django_migrations VALUES(13,'auth','0008_alter_user_username_max_length','2025-02-09 17:46:15.374727');
INSERT INTO django_migrations VALUES(14,'auth','0009_alter_user_last_name_max_length','2025-02-09 17:46:15.386815');
INSERT INTO django_migrations VALUES(15,'auth','0010_alter_group_name_max_length','2025-02-09 17:46:15.397443');
INSERT INTO django_migrations VALUES(16,'auth','0011_update_proxy_permissions','2025-02-09 17:46:15.406551');
INSERT INTO django_migrations VALUES(17,'auth','0012_alter_user_first_name_max_length','2025-02-09 17:46:15.418619');
INSERT INTO django_migrations VALUES(18,'quiz','0001_initial','2025-02-09 17:46:15.433547');
INSERT INTO django_migrations VALUES(19,'sessions','0001_initial','2025-02-09 17:46:15.447546');
CREATE TABLE IF NOT EXISTS "auth_group_permissions" ("id" integer NOT NULL PRIMARY KEY AUTOINCREMENT, "group_id" integer NOT NULL REFERENCES "auth_group" ("id") DEFERRABLE INITIALLY DEFERRED, "permission_id" integer NOT NULL REFERENCES "auth_permission" ("id") DEFERRABLE INITIALLY DEFERRED);
CREATE TABLE IF NOT EXISTS "auth_user_groups" ("id" integer NOT NULL PRIMARY KEY AUTOINCREMENT, "user_id" integer NOT NULL REFERENCES "auth_user" ("id") DEFERRABLE INITIALLY DEFERRED, "group_id" integer NOT NULL REFERENCES "auth_group" ("id") DEFERRABLE INITIALLY DEFERRED);
CREATE TABLE IF NOT EXISTS "auth_user_user_permissions" ("id" integer NOT NULL PRIMARY KEY AUTOINCREMENT, "user_id" integer NOT NULL REFERENCES "auth_user" ("id") DEFERRABLE INITIALLY DEFERRED, "permission_id" integer NOT NULL REFERENCES "auth_permission" ("id") DEFERRABLE INITIALLY DEFERRED);
CREATE TABLE IF NOT EXISTS "django_admin_log" ("id" integer NOT NULL PRIMARY KEY AUTOINCREMENT, "object_id" text NULL, "object_repr" varchar(200) NOT NULL, "action_flag" smallint unsigned NOT NULL CHECK ("action_flag" >= 0), "change_message" text NOT NULL, "content_type_id" integer NULL REFERENCES "django_content_type" ("id") DEFERRABLE INITIALLY DEFERRED, "user_id" integer NOT NULL REFERENCES "auth_user" ("id") DEFERRABLE INITIALLY DEFERRED, "action_time" datetime NOT NULL);
INSERT INTO django_admin_log VALUES(1,'1','1+11',1,'[{"added": {}}, {"added": {"name": "answer", "object": "4 (Incorrecta)"}}, {"added": {"name": "answer", "object": "8 (Incorrecta)"}}, {"added": {"name": "answer", "object": "12 (Incorrecta)"}}]',7,1,'2025-02-06 11:26:33.289000');
INSERT INTO django_admin_log VALUES(2,'3','12 (Correcta)',2,'[{"changed": {"fields": ["Is correct"]}}]',8,1,'2025-02-06 11:27:02.648000');
INSERT INTO django_admin_log VALUES(3,'1','RE - 0',1,'[{"added": {}}]',9,1,'2025-02-06 11:35:03.113000');
CREATE TABLE IF NOT EXISTS "django_content_type" ("id" integer NOT NULL PRIMARY KEY AUTOINCREMENT, "app_label" varchar(100) NOT NULL, "model" varchar(100) NOT NULL);
INSERT INTO django_content_type VALUES(1,'admin','logentry');
INSERT INTO django_content_type VALUES(2,'auth','permission');
INSERT INTO django_content_type VALUES(3,'auth','group');
INSERT INTO django_content_type VALUES(4,'auth','user');
INSERT INTO django_content_type VALUES(5,'contenttypes','contenttype');
INSERT INTO django_content_type VALUES(6,'sessions','session');
INSERT INTO django_content_type VALUES(7,'quiz','question');
INSERT INTO django_content_type VALUES(8,'quiz','answer');
INSERT INTO django_content_type VALUES(9,'quiz','score');
CREATE TABLE IF NOT EXISTS "auth_permission" ("id" integer NOT NULL PRIMARY KEY AUTOINCREMENT, "content_type_id" integer NOT NULL REFERENCES "django_content_type" ("id") DEFERRABLE INITIALLY DEFERRED, "codename" varchar(100) NOT NULL, "name" varchar(255) NOT NULL);
INSERT INTO auth_permission VALUES(1,1,'add_logentry','Can add log entry');
INSERT INTO auth_permission VALUES(2,1,'change_logentry','Can change log entry');
INSERT INTO auth_permission VALUES(3,1,'delete_logentry','Can delete log entry');
INSERT INTO auth_permission VALUES(4,1,'view_logentry','Can view log entry');
INSERT INTO auth_permission VALUES(5,2,'add_permission','Can add permission');
INSERT INTO auth_permission VALUES(6,2,'change_permission','Can change permission');
INSERT INTO auth_permission VALUES(7,2,'delete_permission','Can delete permission');
INSERT INTO auth_permission VALUES(8,2,'view_permission','Can view permission');
INSERT INTO auth_permission VALUES(9,3,'add_group','Can add group');
INSERT INTO auth_permission VALUES(10,3,'change_group','Can change group');
INSERT INTO auth_permission VALUES(11,3,'delete_group','Can delete group');
INSERT INTO auth_permission VALUES(12,3,'view_group','Can view group');
INSERT INTO auth_permission VALUES(13,4,'add_user','Can add user');
INSERT INTO auth_permission VALUES(14,4,'change_user','Can change user');
INSERT INTO auth_permission VALUES(15,4,'delete_user','Can delete user');
INSERT INTO auth_permission VALUES(16,4,'view_user','Can view user');
INSERT INTO auth_permission VALUES(17,5,'add_contenttype','Can add content type');
INSERT INTO auth_permission VALUES(18,5,'change_contenttype','Can change content type');
INSERT INTO auth_permission VALUES(19,5,'delete_contenttype','Can delete content type');
INSERT INTO auth_permission VALUES(20,5,'view_contenttype','Can view content type');
INSERT INTO auth_permission VALUES(21,6,'add_session','Can add session');
INSERT INTO auth_permission VALUES(22,6,'change_session','Can change session');
INSERT INTO auth_permission VALUES(23,6,'delete_session','Can delete session');
INSERT INTO auth_permission VALUES(24,6,'view_session','Can view session');
INSERT INTO auth_permission VALUES(25,7,'add_question','Can add question');
INSERT INTO auth_permission VALUES(26,7,'change_question','Can change question');
INSERT INTO auth_permission VALUES(27,7,'delete_question','Can delete question');
INSERT INTO auth_permission VALUES(28,7,'view_question','Can view question');
INSERT INTO auth_permission VALUES(29,8,'add_answer','Can add answer');
INSERT INTO auth_permission VALUES(30,8,'change_answer','Can change answer');
INSERT INTO auth_permission VALUES(31,8,'delete_answer','Can delete answer');
INSERT INTO auth_permission VALUES(32,8,'view_answer','Can view answer');
INSERT INTO auth_permission VALUES(33,9,'add_score','Can add score');
INSERT INTO auth_permission VALUES(34,9,'change_score','Can change score');
INSERT INTO auth_permission VALUES(35,9,'delete_score','Can delete score');
INSERT INTO auth_permission VALUES(36,9,'view_score','Can view score');
CREATE TABLE IF NOT EXISTS "auth_group" ("id" integer NOT NULL PRIMARY KEY AUTOINCREMENT, "name" varchar(150) NOT NULL UNIQUE);
CREATE TABLE IF NOT EXISTS "auth_user" ("id" integer NOT NULL PRIMARY KEY AUTOINCREMENT, "password" varchar(128) NOT NULL, "last_login" datetime NULL, "is_superuser" bool NOT NULL, "username" varchar(150) NOT NULL UNIQUE, "last_name" varchar(150) NOT NULL, "email" varchar(254) NOT NULL, "is_staff" bool NOT NULL, "is_active" bool NOT NULL, "date_joined" datetime NOT NULL, "first_name" varchar(150) NOT NULL);
INSERT INTO auth_user VALUES(1,'pbkdf2_sha256$870000$Muh4AXEAV2UOw0qFQYMtTG$PgQhL+SrdWmZFJe0eubHRjwueUEMWzINKXIJBqxDiuY=','2025-02-06 11:22:44.604000',1,'mohamed','','mderkaoui10@gmail.com',1,1,'2025-02-06 11:22:17.578000','');
CREATE TABLE IF NOT EXISTS "quiz_question" ("id" integer NOT NULL PRIMARY KEY AUTOINCREMENT, "text" varchar(255) NOT NULL, "quiz_category" varchar(100) NOT NULL, "difficulty" varchar(50) NOT NULL);
INSERT INTO quiz_question VALUES(1,'1+11','mates','easy');
CREATE TABLE IF NOT EXISTS "quiz_score" ("id" integer NOT NULL PRIMARY KEY AUTOINCREMENT, "player_name" varchar(100) NOT NULL, "points" integer NOT NULL, "date" datetime NOT NULL);
INSERT INTO quiz_score VALUES(1,'RE',0,'2025-02-06 11:35:03.112000');
CREATE TABLE IF NOT EXISTS "quiz_answer" ("id" integer NOT NULL PRIMARY KEY AUTOINCREMENT, "text" varchar(255) NOT NULL, "is_correct" bool NOT NULL, "question_id" bigint NOT NULL REFERENCES "quiz_question" ("id") DEFERRABLE INITIALLY DEFERRED);
INSERT INTO quiz_answer VALUES(1,'4',0,1);
INSERT INTO quiz_answer VALUES(2,'8',0,1);
INSERT INTO quiz_answer VALUES(3,'12',1,1);
CREATE TABLE IF NOT EXISTS "django_session" ("session_key" varchar(40) NOT NULL PRIMARY KEY, "session_data" text NOT NULL, "expire_date" datetime NOT NULL);
INSERT INTO django_session VALUES('jxaoqs3whg06fzhpa4kt0da0t1tojm2j','.eJxVjDEOwyAQBP9CHSHgdAZSps8b0AFHcBJhydiVlb_HllwkzRY7s7uJQOtSw9p5DmMWV6HF5beLlF7cDpCf1B6TTFNb5jHKQ5En7fI-ZX7fTvfvoFKv-xqzs6y8zrHgoBVDBGSLpQCAAoZsMKmUCkbyRE6TcmiK8wrMYPcQny_iOTdj:1tfzy0:BwY7KF3WuxFmdKJqVlrr6mZkNAZsQJDttrxniThifMg','2025-02-20 11:22:44.613000');
INSERT INTO sqlite_sequence VALUES('django_migrations',19);
INSERT INTO sqlite_sequence VALUES('django_admin_log',3);
INSERT INTO sqlite_sequence VALUES('django_content_type',9);
INSERT INTO sqlite_sequence VALUES('auth_permission',36);
INSERT INTO sqlite_sequence VALUES('auth_group',0);
INSERT INTO sqlite_sequence VALUES('auth_user',1);
INSERT INTO sqlite_sequence VALUES('quiz_question',1);
INSERT INTO sqlite_sequence VALUES('quiz_answer',3);
INSERT INTO sqlite_sequence VALUES('quiz_score',1);
CREATE UNIQUE INDEX "auth_group_permissions_group_id_permission_id_0cd325b0_uniq" ON "auth_group_permissions" ("group_id", "permission_id");
CREATE INDEX "auth_group_permissions_group_id_b120cbf9" ON "auth_group_permissions" ("group_id");
CREATE INDEX "auth_group_permissions_permission_id_84c5c92e" ON "auth_group_permissions" ("permission_id");
CREATE UNIQUE INDEX "auth_user_groups_user_id_group_id_94350c0c_uniq" ON "auth_user_groups" ("user_id", "group_id");
CREATE INDEX "auth_user_groups_user_id_6a12ed8b" ON "auth_user_groups" ("user_id");
CREATE INDEX "auth_user_groups_group_id_97559544" ON "auth_user_groups" ("group_id");
CREATE UNIQUE INDEX "auth_user_user_permissions_user_id_permission_id_14a6b632_uniq" ON "auth_user_user_permissions" ("user_id", "permission_id");
CREATE INDEX "auth_user_user_permissions_user_id_a95ead1b" ON "auth_user_user_permissions" ("user_id");
CREATE INDEX "auth_user_user_permissions_permission_id_1fbb5f2c" ON "auth_user_user_permissions" ("permission_id");
CREATE INDEX "django_admin_log_content_type_id_c4bce8eb" ON "django_admin_log" ("content_type_id");
CREATE INDEX "django_admin_log_user_id_c564eba6" ON "django_admin_log" ("user_id");
CREATE UNIQUE INDEX "django_content_type_app_label_model_76bd3d3b_uniq" ON "django_content_type" ("app_label", "model");
CREATE UNIQUE INDEX "auth_permission_content_type_id_codename_01ab375a_uniq" ON "auth_permission" ("content_type_id", "codename");
CREATE INDEX "auth_permission_content_type_id_2f476e4b" ON "auth_permission" ("content_type_id");
CREATE INDEX "quiz_answer_question_id_26edde8a" ON "quiz_answer" ("question_id");
CREATE INDEX "django_session_expire_date_a5c62663" ON "django_session" ("expire_date");
COMMIT;
